Time_ID,Order_Date,Day,Month,Quarter,Year,Weekday,Is_Weekend,Is_Holiday
T3000,2023-04-20,20,4,2,2023,Thursday,False,False
T3001,2023-04-21,21,4,2,2023,Friday,False,False
T3002,2023-04-22,22,4,2,2023,Saturday,True,False
T3003,2023-04-23,23,4,2,2023,Sunday,True,False
T3004,2023-04-24,24,4,2,2023,Monday,False,False
T3005,2023-04-25,25,4,2,2023,Tuesday,False,False
T3006,2023-04-26,26,4,2,2023,Wednesday,False,False
T3007,2023-04-27,27,4,2,2023,Thursday,False,False
T3008,2023-04-28,28,4,2,2023,Friday,False,False
T3009,2023-04-29,29,4,2,2023,Saturday,True,False
T3010,2023-04-30,30,4,2,2023,Sunday,True,False
T3011,2023-05-01,1,5,2,2023,Monday,False,False
T3012,2023-05-02,2,5,2,2023,Tuesday,False,False
T3013,2023-05-03,3,5,2,2023,Wednesday,False,False
T3014,2023-05-04,4,5,2,2023,Thursday,False,False
T3015,2023-05-05,5,5,2,2023,Friday,False,False
T3016,2023-05-06,6,5,2,2023,Saturday,True,False
T3017,2023-05-07,7,5,2,2023,Sunday,True,False
T3018,2023-05-08,8,5,2,2023,Monday,False,False
T3019,2023-05-09,9,5,2,2023,Tuesday,False,False
T3020,2023-05-10,10,5,2,2023,Wednesday,False,False
T3021,2023-05-11,11,5,2,2023,Thursday,False,False
T3022,2023-05-12,12,5,2,2023,Friday,False,False
T3023,2023-05-13,13,5,2,2023,Saturday,True,False
T3024,2023-05-14,14,5,2,2023,Sunday,True,False
T3025,2023-05-15,15,5,2,2023,Monday,False,False
T3026,2023-05-16,16,5,2,2023,Tuesday,False,False
T3027,2023-05-17,17,5,2,2023,Wednesday,False,False
T3028,2023-05-18,18,5,2,2023,Thursday,False,False
T3029,2023-05-19,19,5,2,2023,Friday,False,False
T3030,2023-05-20,20,5,2,2023,Saturday,True,False
T3031,2023-05-21,21,5,2,2023,Sunday,True,False
T3032,2023-05-22,22,5,2,2023,Monday,False,False
T3033,2023-05-23,23,5,2,2023,Tuesday,False,False
T3034,2023-05-24,24,5,2,2023,Wednesday,False,False
T3035,2023-05-25,25,5,2,2023,Thursday,False,False
T3036,2023-05-26,26,5,2,2023,Friday,False,False
T3037,2023-05-27,27,5,2,2023,Saturday,True,False
T3038,2023-05-28,28,5,2,2023,Sunday,True,False
T3039,2023-05-29,29,5,2,2023,Monday,False,False
T3040,2023-05-30,30,5,2,2023,Tuesday,False,False
T3041,2023-05-31,31,5,2,2023,Wednesday,False,False
T3042,2023-06-01,1,6,2,2023,Thursday,False,False
T3043,2023-06-02,2,6,2,2023,Friday,False,False
T3044,2023-06-03,3,6,2,2023,Saturday,True,False
T3045,2023-06-04,4,6,2,2023,Sunday,True,False
T3046,2023-06-05,5,6,2,2023,Monday,False,False
T3047,2023-06-06,6,6,2,2023,Tuesday,False,False
T3048,2023-06-07,7,6,2,2023,Wednesday,False,False
T3049,2023-06-08,8,6,2,2023,Thursday,False,False
T3050,2023-06-09,9,6,2,2023,Friday,False,False
T3051,2023-06-10,10,6,2,2023,Saturday,True,False
T3052,2023-06-11,11,6,2,2023,Sunday,True,False
T3053,2023-06-12,12,6,2,2023,Monday,False,False
T3054,2023-06-13,13,6,2,2023,Tuesday,False,False
T3055,2023-06-14,14,6,2,2023,Wednesday,False,False
T3056,2023-06-15,15,6,2,2023,Thursday,False,False
T3057,2023-06-16,16,6,2,2023,Friday,False,False
T3058,2023-06-17,17,6,2,2023,Saturday,True,False
T3059,2023-06-18,18,6,2,2023,Sunday,True,False
T3060,2023-06-19,19,6,2,2023,Monday,False,False
T3061,2023-06-20,20,6,2,2023,Tuesday,False,False
T3062,2023-06-21,21,6,2,2023,Wednesday,False,False
T3063,2023-06-22,22,6,2,2023,Thursday,False,False
T3064,2023-06-23,23,6,2,2023,Friday,False,False
T3065,2023-06-24,24,6,2,2023,Saturday,True,False
T3066,2023-06-25,25,6,2,2023,Sunday,True,False
T3067,2023-06-26,26,6,2,2023,Monday,False,False
T3068,2023-06-27,27,6,2,2023,Tuesday,False,False
T3069,2023-06-28,28,6,2,2023,Wednesday,False,False
T3070,2023-06-29,29,6,2,2023,Thursday,False,False
T3071,2023-06-30,30,6,2,2023,Friday,False,False
T3072,2023-07-01,1,7,3,2023,Saturday,True,False
T3073,2023-07-02,2,7,3,2023,Sunday,True,False
T3074,2023-07-03,3,7,3,2023,Monday,False,False
T3075,2023-07-04,4,7,3,2023,Tuesday,False,False
T3076,2023-07-05,5,7,3,2023,Wednesday,False,False
T3077,2023-07-06,6,7,3,2023,Thursday,False,False
T3078,2023-07-07,7,7,3,2023,Friday,False,False
T3079,2023-07-08,8,7,3,2023,Saturday,True,False
T3080,2023-07-09,9,7,3,2023,Sunday,True,False
T3081,2023-07-10,10,7,3,2023,Monday,False,False
T3082,2023-07-11,11,7,3,2023,Tuesday,False,False
T3083,2023-07-12,12,7,3,2023,Wednesday,False,False
T3084,2023-07-13,13,7,3,2023,Thursday,False,False
T3085,2023-07-14,14,7,3,2023,Friday,False,False
T3086,2023-07-15,15,7,3,2023,Saturday,True,False
T3087,2023-07-16,16,7,3,2023,Sunday,True,False
T3088,2023-07-17,17,7,3,2023,Monday,False,False
T3089,2023-07-18,18,7,3,2023,Tuesday,False,False
T3090,2023-07-19,19,7,3,2023,Wednesday,False,False
T3091,2023-07-20,20,7,3,2023,Thursday,False,False
T3092,2023-07-21,21,7,3,2023,Friday,False,False
T3093,2023-07-22,22,7,3,2023,Saturday,True,False
T3094,2023-07-23,23,7,3,2023,Sunday,True,False
T3095,2023-07-24,24,7,3,2023,Monday,False,False
T3096,2023-07-25,25,7,3,2023,Tuesday,False,False
T3097,2023-07-26,26,7,3,2023,Wednesday,False,False
T3098,2023-07-27,27,7,3,2023,Thursday,False,False
T3099,2023-07-28,28,7,3,2023,Friday,False,False
T3100,2023-07-29,29,7,3,2023,Saturday,True,False
T3101,2023-07-30,30,7,3,2023,Sunday,True,False
T3102,2023-07-31,31,7,3,2023,Monday,False,False
T3103,2023-08-01,1,8,3,2023,Tuesday,False,False
T3104,2023-08-02,2,8,3,2023,Wednesday,False,False
T3105,2023-08-03,3,8,3,2023,Thursday,False,False
T3106,2023-08-04,4,8,3,2023,Friday,False,False
T3107,2023-08-05,5,8,3,2023,Saturday,True,False
T3108,2023-08-06,6,8,3,2023,Sunday,True,False
T3109,2023-08-07,7,8,3,2023,Monday,False,False
T3110,2023-08-08,8,8,3,2023,Tuesday,False,False
T3111,2023-08-09,9,8,3,2023,Wednesday,False,False
T3112,2023-08-10,10,8,3,2023,Thursday,False,False
T3113,2023-08-11,11,8,3,2023,Friday,False,False
T3114,2023-08-12,12,8,3,2023,Saturday,True,False
T3115,2023-08-13,13,8,3,2023,Sunday,True,False
T3116,2023-08-14,14,8,3,2023,Monday,False,False
T3117,2023-08-15,15,8,3,2023,Tuesday,False,False
T3118,2023-08-16,16,8,3,2023,Wednesday,False,False
T3119,2023-08-17,17,8,3,2023,Thursday,False,False
T3120,2023-08-18,18,8,3,2023,Friday,False,False
T3121,2023-08-19,19,8,3,2023,Saturday,True,False
T3122,2023-08-20,20,8,3,2023,Sunday,True,False
T3123,2023-08-21,21,8,3,2023,Monday,False,False
T3124,2023-08-22,22,8,3,2023,Tuesday,False,False
T3125,2023-08-23,23,8,3,2023,Wednesday,False,False
T3126,2023-08-24,24,8,3,2023,Thursday,False,False
T3127,2023-08-25,25,8,3,2023,Friday,False,False
T3128,2023-08-26,26,8,3,2023,Saturday,True,False
T3129,2023-08-27,27,8,3,2023,Sunday,True,False
T3130,2023-08-28,28,8,3,2023,Monday,False,False
T3131,2023-08-29,29,8,3,2023,Tuesday,False,False
T3132,2023-08-30,30,8,3,2023,Wednesday,False,False
T3133,2023-08-31,31,8,3,2023,Thursday,False,False
T3134,2023-09-01,1,9,3,2023,Friday,False,False
T3135,2023-09-02,2,9,3,2023,Saturday,True,False
T3136,2023-09-03,3,9,3,2023,Sunday,True,False
T3137,2023-09-04,4,9,3,2023,Monday,False,False
T3138,2023-09-05,5,9,3,2023,Tuesday,False,False
T3139,2023-09-06,6,9,3,2023,Wednesday,False,False
T3140,2023-09-07,7,9,3,2023,Thursday,False,False
T3141,2023-09-08,8,9,3,2023,Friday,False,False
T3142,2023-09-09,9,9,3,2023,Saturday,True,False
T3143,2023-09-10,10,9,3,2023,Sunday,True,False
T3144,2023-09-11,11,9,3,2023,Monday,False,False
T3145,2023-09-12,12,9,3,2023,Tuesday,False,False
T3146,2023-09-13,13,9,3,2023,Wednesday,False,False
T3147,2023-09-14,14,9,3,2023,Thursday,False,False
T3148,2023-09-15,15,9,3,2023,Friday,False,False
T3149,2023-09-16,16,9,3,2023,Saturday,True,False
T3150,2023-09-17,17,9,3,2023,Sunday,True,False
T3151,2023-09-18,18,9,3,2023,Monday,False,False
T3152,2023-09-19,19,9,3,2023,Tuesday,False,False
T3153,2023-09-20,20,9,3,2023,Wednesday,False,False
T3154,2023-09-21,21,9,3,2023,Thursday,False,False
T3155,2023-09-22,22,9,3,2023,Friday,False,False
T3156,2023-09-23,23,9,3,2023,Saturday,True,False
T3157,2023-09-24,24,9,3,2023,Sunday,True,False
T3158,2023-09-25,25,9,3,2023,Monday,False,False
T3159,2023-09-26,26,9,3,2023,Tuesday,False,False
T3160,2023-09-27,27,9,3,2023,Wednesday,False,False
T3161,2023-09-28,28,9,3,2023,Thursday,False,False
T3162,2023-09-29,29,9,3,2023,Friday,False,False
T3163,2023-09-30,30,9,3,2023,Saturday,True,False
T3164,2023-10-01,1,10,4,2023,Sunday,True,False
T3165,2023-10-02,2,10,4,2023,Monday,False,False
T3166,2023-10-03,3,10,4,2023,Tuesday,False,False
T3167,2023-10-04,4,10,4,2023,Wednesday,False,False
T3168,2023-10-05,5,10,4,2023,Thursday,False,False
T3169,2023-10-06,6,10,4,2023,Friday,False,False
T3170,2023-10-07,7,10,4,2023,Saturday,True,False
T3171,2023-10-08,8,10,4,2023,Sunday,True,False
T3172,2023-10-09,9,10,4,2023,Monday,False,False
T3173,2023-10-10,10,10,4,2023,Tuesday,False,False
T3174,2023-10-11,11,10,4,2023,Wednesday,False,False
T3175,2023-10-12,12,10,4,2023,Thursday,False,False
T3176,2023-10-13,13,10,4,2023,Friday,False,False
T3177,2023-10-14,14,10,4,2023,Saturday,True,False
T3178,2023-10-15,15,10,4,2023,Sunday,True,False
T3179,2023-10-16,16,10,4,2023,Monday,False,False
T3180,2023-10-17,17,10,4,2023,Tuesday,False,False
T3181,2023-10-18,18,10,4,2023,Wednesday,False,False
T3182,2023-10-19,19,10,4,2023,Thursday,False,False
T3183,2023-10-20,20,10,4,2023,Friday,False,False
T3184,2023-10-21,21,10,4,2023,Saturday,True,False
T3185,2023-10-22,22,10,4,2023,Sunday,True,False
T3186,2023-10-23,23,10,4,2023,Monday,False,False
T3187,2023-10-24,24,10,4,2023,Tuesday,False,False
T3188,2023-10-25,25,10,4,2023,Wednesday,False,False
T3189,2023-10-26,26,10,4,2023,Thursday,False,False
T3190,2023-10-27,27,10,4,2023,Friday,False,False
T3191,2023-10-28,28,10,4,2023,Saturday,True,False
T3192,2023-10-29,29,10,4,2023,Sunday,True,False
T3193,2023-10-30,30,10,4,2023,Monday,False,False
T3194,2023-10-31,31,10,4,2023,Tuesday,False,False
T3195,2023-11-01,1,11,4,2023,Wednesday,False,False
T3196,2023-11-02,2,11,4,2023,Thursday,False,False
T3197,2023-11-03,3,11,4,2023,Friday,False,False
T3198,2023-11-04,4,11,4,2023,Saturday,True,False
T3199,2023-11-05,5,11,4,2023,Sunday,True,False
T3200,2023-11-06,6,11,4,2023,Monday,False,False
T3201,2023-11-07,7,11,4,2023,Tuesday,False,False
T3202,2023-11-08,8,11,4,2023,Wednesday,False,False
T3203,2023-11-09,9,11,4,2023,Thursday,False,False
T3204,2023-11-10,10,11,4,2023,Friday,False,False
T3205,2023-11-11,11,11,4,2023,Saturday,True,False
T3206,2023-11-12,12,11,4,2023,Sunday,True,False
T3207,2023-11-13,13,11,4,2023,Monday,False,False
T3208,2023-11-14,14,11,4,2023,Tuesday,False,False
T3209,2023-11-15,15,11,4,2023,Wednesday,False,False
T3210,2023-11-16,16,11,4,2023,Thursday,False,False
T3211,2023-11-17,17,11,4,2023,Friday,False,False
T3212,2023-11-18,18,11,4,2023,Saturday,True,False
T3213,2023-11-19,19,11,4,2023,Sunday,True,False
T3214,2023-11-20,20,11,4,2023,Monday,False,False
T3215,2023-11-21,21,11,4,2023,Tuesday,False,False
T3216,2023-11-22,22,11,4,2023,Wednesday,False,False
T3217,2023-11-23,23,11,4,2023,Thursday,False,False
T3218,2023-11-24,24,11,4,2023,Friday,False,False
T3219,2023-11-25,25,11,4,2023,Saturday,True,False
T3220,2023-11-26,26,11,4,2023,Sunday,True,False
T3221,2023-11-27,27,11,4,2023,Monday,False,False
T3222,2023-11-28,28,11,4,2023,Tuesday,False,False
T3223,2023-11-29,29,11,4,2023,Wednesday,False,False
T3224,2023-11-30,30,11,4,2023,Thursday,False,False
T3225,2023-12-01,1,12,4,2023,Friday,False,False
T3226,2023-12-02,2,12,4,2023,Saturday,True,False
T3227,2023-12-03,3,12,4,2023,Sunday,True,False
T3228,2023-12-04,4,12,4,2023,Monday,False,False
T3229,2023-12-05,5,12,4,2023,Tuesday,False,False
T3230,2023-12-06,6,12,4,2023,Wednesday,False,False
T3231,2023-12-07,7,12,4,2023,Thursday,False,False
T3232,2023-12-08,8,12,4,2023,Friday,False,False
T3233,2023-12-09,9,12,4,2023,Saturday,True,False
T3234,2023-12-10,10,12,4,2023,Sunday,True,False
T3235,2023-12-11,11,12,4,2023,Monday,False,False
T3236,2023-12-12,12,12,4,2023,Tuesday,False,False
T3237,2023-12-13,13,12,4,2023,Wednesday,False,False
T3238,2023-12-14,14,12,4,2023,Thursday,False,False
T3239,2023-12-15,15,12,4,2023,Friday,False,False
T3240,2023-12-16,16,12,4,2023,Saturday,True,False
T3241,2023-12-17,17,12,4,2023,Sunday,True,False
T3242,2023-12-18,18,12,4,2023,Monday,False,False
T3243,2023-12-19,19,12,4,2023,Tuesday,False,False
T3244,2023-12-20,20,12,4,2023,Wednesday,False,False
T3245,2023-12-21,21,12,4,2023,Thursday,False,False
T3246,2023-12-22,22,12,4,2023,Friday,False,False
T3247,2023-12-23,23,12,4,2023,Saturday,True,False
T3248,2023-12-24,24,12,4,2023,Sunday,True,False
T3249,2023-12-25,25,12,4,2023,Monday,False,False
T3250,2023-12-26,26,12,4,2023,Tuesday,False,False
T3251,2023-12-27,27,12,4,2023,Wednesday,False,False
T3252,2023-12-28,28,12,4,2023,Thursday,False,False
T3253,2023-12-29,29,12,4,2023,Friday,False,False
T3254,2023-12-30,30,12,4,2023,Saturday,True,False
T3255,2023-12-31,31,12,4,2023,Sunday,True,False
T3256,2024-01-01,1,1,1,2024,Monday,False,False
T3257,2024-01-02,2,1,1,2024,Tuesday,False,False
T3258,2024-01-03,3,1,1,2024,Wednesday,False,False
T3259,2024-01-04,4,1,1,2024,Thursday,False,False
T3260,2024-01-05,5,1,1,2024,Friday,False,False
T3261,2024-01-06,6,1,1,2024,Saturday,True,False
T3262,2024-01-07,7,1,1,2024,Sunday,True,False
T3263,2024-01-08,8,1,1,2024,Monday,False,False
T3264,2024-01-09,9,1,1,2024,Tuesday,False,False
T3265,2024-01-10,10,1,1,2024,Wednesday,False,False
T3266,2024-01-11,11,1,1,2024,Thursday,False,False
T3267,2024-01-12,12,1,1,2024,Friday,False,False
T3268,2024-01-13,13,1,1,2024,Saturday,True,False
T3269,2024-01-14,14,1,1,2024,Sunday,True,False
T3270,2024-01-15,15,1,1,2024,Monday,False,False
T3271,2024-01-16,16,1,1,2024,Tuesday,False,False
T3272,2024-01-17,17,1,1,2024,Wednesday,False,False
T3273,2024-01-18,18,1,1,2024,Thursday,False,False
T3274,2024-01-19,19,1,1,2024,Friday,False,False
T3275,2024-01-20,20,1,1,2024,Saturday,True,False
T3276,2024-01-21,21,1,1,2024,Sunday,True,False
T3277,2024-01-22,22,1,1,2024,Monday,False,False
T3278,2024-01-23,23,1,1,2024,Tuesday,False,False
T3279,2024-01-24,24,1,1,2024,Wednesday,False,False
T3280,2024-01-25,25,1,1,2024,Thursday,False,False
T3281,2024-01-26,26,1,1,2024,Friday,False,False
T3282,2024-01-27,27,1,1,2024,Saturday,True,False
T3283,2024-01-28,28,1,1,2024,Sunday,True,False
T3284,2024-01-29,29,1,1,2024,Monday,False,False
T3285,2024-01-30,30,1,1,2024,Tuesday,False,False
T3286,2024-01-31,31,1,1,2024,Wednesday,False,False
T3287,2024-02-01,1,2,1,2024,Thursday,False,False
T3288,2024-02-02,2,2,1,2024,Friday,False,False
T3289,2024-02-03,3,2,1,2024,Saturday,True,False
T3290,2024-02-04,4,2,1,2024,Sunday,True,False
T3291,2024-02-05,5,2,1,2024,Monday,False,False
T3292,2024-02-06,6,2,1,2024,Tuesday,False,False
T3293,2024-02-07,7,2,1,2024,Wednesday,False,False
T3294,2024-02-08,8,2,1,2024,Thursday,False,False
T3295,2024-02-09,9,2,1,2024,Friday,False,False
T3296,2024-02-10,10,2,1,2024,Saturday,True,False
T3297,2024-02-11,11,2,1,2024,Sunday,True,False
T3298,2024-02-12,12,2,1,2024,Monday,False,False
T3299,2024-02-13,13,2,1,2024,Tuesday,False,False
T3300,2024-02-14,14,2,1,2024,Wednesday,False,False
T3301,2024-02-15,15,2,1,2024,Thursday,False,False
T3302,2024-02-16,16,2,1,2024,Friday,False,False
T3303,2024-02-17,17,2,1,2024,Saturday,True,False
T3304,2024-02-18,18,2,1,2024,Sunday,True,False
T3305,2024-02-19,19,2,1,2024,Monday,False,False
T3306,2024-02-20,20,2,1,2024,Tuesday,False,False
T3307,2024-02-21,21,2,1,2024,Wednesday,False,False
T3308,2024-02-22,22,2,1,2024,Thursday,False,False
T3309,2024-02-23,23,2,1,2024,Friday,False,False
T3310,2024-02-24,24,2,1,2024,Saturday,True,False
T3311,2024-02-25,25,2,1,2024,Sunday,True,False
T3312,2024-02-26,26,2,1,2024,Monday,False,False
T3313,2024-02-27,27,2,1,2024,Tuesday,False,False
T3314,2024-02-28,28,2,1,2024,Wednesday,False,False
T3315,2024-02-29,29,2,1,2024,Thursday,False,False
T3316,2024-03-01,1,3,1,2024,Friday,False,False
T3317,2024-03-02,2,3,1,2024,Saturday,True,False
T3318,2024-03-03,3,3,1,2024,Sunday,True,False
T3319,2024-03-04,4,3,1,2024,Monday,False,False
T3320,2024-03-05,5,3,1,2024,Tuesday,False,False
T3321,2024-03-06,6,3,1,2024,Wednesday,False,False
T3322,2024-03-07,7,3,1,2024,Thursday,False,False
T3323,2024-03-08,8,3,1,2024,Friday,False,False
T3324,2024-03-09,9,3,1,2024,Saturday,True,False
T3325,2024-03-10,10,3,1,2024,Sunday,True,False
T3326,2024-03-11,11,3,1,2024,Monday,False,False
T3327,2024-03-12,12,3,1,2024,Tuesday,False,False
T3328,2024-03-13,13,3,1,2024,Wednesday,False,False
T3329,2024-03-14,14,3,1,2024,Thursday,False,False
T3330,2024-03-15,15,3,1,2024,Friday,False,False
T3331,2024-03-16,16,3,1,2024,Saturday,True,False
T3332,2024-03-17,17,3,1,2024,Sunday,True,False
T3333,2024-03-18,18,3,1,2024,Monday,False,False
T3334,2024-03-19,19,3,1,2024,Tuesday,False,False
T3335,2024-03-20,20,3,1,2024,Wednesday,False,False
T3336,2024-03-21,21,3,1,2024,Thursday,False,False
T3337,2024-03-22,22,3,1,2024,Friday,False,False
T3338,2024-03-23,23,3,1,2024,Saturday,True,False
T3339,2024-03-24,24,3,1,2024,Sunday,True,False
T3340,2024-03-25,25,3,1,2024,Monday,False,False
T3341,2024-03-26,26,3,1,2024,Tuesday,False,False
T3342,2024-03-27,27,3,1,2024,Wednesday,False,False
T3343,2024-03-28,28,3,1,2024,Thursday,False,False
T3344,2024-03-29,29,3,1,2024,Friday,False,False
T3345,2024-03-30,30,3,1,2024,Saturday,True,False
T3346,2024-03-31,31,3,1,2024,Sunday,True,False
T3347,2024-04-01,1,4,2,2024,Monday,False,False
T3348,2024-04-02,2,4,2,2024,Tuesday,False,False
T3349,2024-04-03,3,4,2,2024,Wednesday,False,False
T3350,2024-04-04,4,4,2,2024,Thursday,False,False
T3351,2024-04-05,5,4,2,2024,Friday,False,False
T3352,2024-04-06,6,4,2,2024,Saturday,True,False
T3353,2024-04-07,7,4,2,2024,Sunday,True,False
T3354,2024-04-08,8,4,2,2024,Monday,False,False
T3355,2024-04-09,9,4,2,2024,Tuesday,False,False
T3356,2024-04-10,10,4,2,2024,Wednesday,False,False
T3357,2024-04-11,11,4,2,2024,Thursday,False,False
T3358,2024-04-12,12,4,2,2024,Friday,False,False
T3359,2024-04-13,13,4,2,2024,Saturday,True,False
T3360,2024-04-14,14,4,2,2024,Sunday,True,False
T3361,2024-04-15,15,4,2,2024,Monday,False,False
T3362,2024-04-16,16,4,2,2024,Tuesday,False,False
T3363,2024-04-17,17,4,2,2024,Wednesday,False,False
T3364,2024-04-18,18,4,2,2024,Thursday,False,False
T3365,2024-04-19,19,4,2,2024,Friday,False,False
T3366,2024-04-20,20,4,2,2024,Saturday,True,False
T3367,2024-04-21,21,4,2,2024,Sunday,True,False
T3368,2024-04-22,22,4,2,2024,Monday,False,False
T3369,2024-04-23,23,4,2,2024,Tuesday,False,False
T3370,2024-04-24,24,4,2,2024,Wednesday,False,False
T3371,2024-04-25,25,4,2,2024,Thursday,False,False
T3372,2024-04-26,26,4,2,2024,Friday,False,False
T3373,2024-04-27,27,4,2,2024,Saturday,True,False
T3374,2024-04-28,28,4,2,2024,Sunday,True,False
T3375,2024-04-29,29,4,2,2024,Monday,False,False
T3376,2024-04-30,30,4,2,2024,Tuesday,False,False
T3377,2024-05-01,1,5,2,2024,Wednesday,False,False
T3378,2024-05-02,2,5,2,2024,Thursday,False,False
T3379,2024-05-03,3,5,2,2024,Friday,False,False
T3380,2024-05-04,4,5,2,2024,Saturday,True,False
T3381,2024-05-05,5,5,2,2024,Sunday,True,False
T3382,2024-05-06,6,5,2,2024,Monday,False,False
T3383,2024-05-07,7,5,2,2024,Tuesday,False,False
T3384,2024-05-08,8,5,2,2024,Wednesday,False,False
T3385,2024-05-09,9,5,2,2024,Thursday,False,False
T3386,2024-05-10,10,5,2,2024,Friday,False,False
T3387,2024-05-11,11,5,2,2024,Saturday,True,False
T3388,2024-05-12,12,5,2,2024,Sunday,True,False
T3389,2024-05-13,13,5,2,2024,Monday,False,False
T3390,2024-05-14,14,5,2,2024,Tuesday,False,False
T3391,2024-05-15,15,5,2,2024,Wednesday,False,False
T3392,2024-05-16,16,5,2,2024,Thursday,False,False
T3393,2024-05-17,17,5,2,2024,Friday,False,False
T3394,2024-05-18,18,5,2,2024,Saturday,True,False
T3395,2024-05-19,19,5,2,2024,Sunday,True,False
T3396,2024-05-20,20,5,2,2024,Monday,False,False
T3397,2024-05-21,21,5,2,2024,Tuesday,False,False
T3398,2024-05-22,22,5,2,2024,Wednesday,False,False
T3399,2024-05-23,23,5,2,2024,Thursday,False,False
T3400,2024-05-24,24,5,2,2024,Friday,False,False
T3401,2024-05-25,25,5,2,2024,Saturday,True,False
T3402,2024-05-26,26,5,2,2024,Sunday,True,False
T3403,2024-05-27,27,5,2,2024,Monday,False,False
T3404,2024-05-28,28,5,2,2024,Tuesday,False,False
T3405,2024-05-29,29,5,2,2024,Wednesday,False,False
T3406,2024-05-30,30,5,2,2024,Thursday,False,False
T3407,2024-05-31,31,5,2,2024,Friday,False,False
T3408,2024-06-01,1,6,2,2024,Saturday,True,False
T3409,2024-06-02,2,6,2,2024,Sunday,True,False
T3410,2024-06-03,3,6,2,2024,Monday,False,False
T3411,2024-06-04,4,6,2,2024,Tuesday,False,False
T3412,2024-06-05,5,6,2,2024,Wednesday,False,False
T3413,2024-06-06,6,6,2,2024,Thursday,False,False
T3414,2024-06-07,7,6,2,2024,Friday,False,False
T3415,2024-06-08,8,6,2,2024,Saturday,True,False
T3416,2024-06-09,9,6,2,2024,Sunday,True,False
T3417,2024-06-10,10,6,2,2024,Monday,False,False
T3418,2024-06-11,11,6,2,2024,Tuesday,False,False
T3419,2024-06-12,12,6,2,2024,Wednesday,False,False
T3420,2024-06-13,13,6,2,2024,Thursday,False,False
T3421,2024-06-14,14,6,2,2024,Friday,False,False
T3422,2024-06-15,15,6,2,2024,Saturday,True,False
T3423,2024-06-16,16,6,2,2024,Sunday,True,False
T3424,2024-06-17,17,6,2,2024,Monday,False,False
T3425,2024-06-18,18,6,2,2024,Tuesday,False,False
T3426,2024-06-19,19,6,2,2024,Wednesday,False,False
T3427,2024-06-20,20,6,2,2024,Thursday,False,False
T3428,2024-06-21,21,6,2,2024,Friday,False,False
T3429,2024-06-22,22,6,2,2024,Saturday,True,False
T3430,2024-06-23,23,6,2,2024,Sunday,True,False
T3431,2024-06-24,24,6,2,2024,Monday,False,False
T3432,2024-06-25,25,6,2,2024,Tuesday,False,False
T3433,2024-06-26,26,6,2,2024,Wednesday,False,False
T3434,2024-06-27,27,6,2,2024,Thursday,False,False
T3435,2024-06-28,28,6,2,2024,Friday,False,False
T3436,2024-06-29,29,6,2,2024,Saturday,True,False
T3437,2024-06-30,30,6,2,2024,Sunday,True,False
T3438,2024-07-01,1,7,3,2024,Monday,False,False
T3439,2024-07-02,2,7,3,2024,Tuesday,False,False
T3440,2024-07-03,3,7,3,2024,Wednesday,False,False
T3441,2024-07-04,4,7,3,2024,Thursday,False,False
T3442,2024-07-05,5,7,3,2024,Friday,False,False
T3443,2024-07-06,6,7,3,2024,Saturday,True,False
T3444,2024-07-07,7,7,3,2024,Sunday,True,False
T3445,2024-07-08,8,7,3,2024,Monday,False,False
T3446,2024-07-09,9,7,3,2024,Tuesday,False,False
T3447,2024-07-10,10,7,3,2024,Wednesday,False,False
T3448,2024-07-11,11,7,3,2024,Thursday,False,False
T3449,2024-07-12,12,7,3,2024,Friday,False,False
T3450,2024-07-13,13,7,3,2024,Saturday,True,False
T3451,2024-07-14,14,7,3,2024,Sunday,True,False
T3452,2024-07-15,15,7,3,2024,Monday,False,False
T3453,2024-07-16,16,7,3,2024,Tuesday,False,False
T3454,2024-07-17,17,7,3,2024,Wednesday,False,False
T3455,2024-07-18,18,7,3,2024,Thursday,False,False
T3456,2024-07-19,19,7,3,2024,Friday,False,False
T3457,2024-07-20,20,7,3,2024,Saturday,True,False
T3458,2024-07-21,21,7,3,2024,Sunday,True,False
T3459,2024-07-22,22,7,3,2024,Monday,False,False
T3460,2024-07-23,23,7,3,2024,Tuesday,False,False
T3461,2024-07-24,24,7,3,2024,Wednesday,False,False
T3462,2024-07-25,25,7,3,2024,Thursday,False,False
T3463,2024-07-26,26,7,3,2024,Friday,False,False
T3464,2024-07-27,27,7,3,2024,Saturday,True,False
T3465,2024-07-28,28,7,3,2024,Sunday,True,False
T3466,2024-07-29,29,7,3,2024,Monday,False,False
T3467,2024-07-30,30,7,3,2024,Tuesday,False,False
T3468,2024-07-31,31,7,3,2024,Wednesday,False,False
T3469,2024-08-01,1,8,3,2024,Thursday,False,False
T3470,2024-08-02,2,8,3,2024,Friday,False,False
T3471,2024-08-03,3,8,3,2024,Saturday,True,False
T3472,2024-08-04,4,8,3,2024,Sunday,True,False
T3473,2024-08-05,5,8,3,2024,Monday,False,False
T3474,2024-08-06,6,8,3,2024,Tuesday,False,False
T3475,2024-08-07,7,8,3,2024,Wednesday,False,False
T3476,2024-08-08,8,8,3,2024,Thursday,False,False
T3477,2024-08-09,9,8,3,2024,Friday,False,False
T3478,2024-08-10,10,8,3,2024,Saturday,True,False
T3479,2024-08-11,11,8,3,2024,Sunday,True,False
T3480,2024-08-12,12,8,3,2024,Monday,False,False
T3481,2024-08-13,13,8,3,2024,Tuesday,False,False
T3482,2024-08-14,14,8,3,2024,Wednesday,False,False
T3483,2024-08-15,15,8,3,2024,Thursday,False,False
T3484,2024-08-16,16,8,3,2024,Friday,False,False
T3485,2024-08-17,17,8,3,2024,Saturday,True,False
T3486,2024-08-18,18,8,3,2024,Sunday,True,False
T3487,2024-08-19,19,8,3,2024,Monday,False,False
T3488,2024-08-20,20,8,3,2024,Tuesday,False,False
T3489,2024-08-21,21,8,3,2024,Wednesday,False,False
T3490,2024-08-22,22,8,3,2024,Thursday,False,False
T3491,2024-08-23,23,8,3,2024,Friday,False,False
T3492,2024-08-24,24,8,3,2024,Saturday,True,False
T3493,2024-08-25,25,8,3,2024,Sunday,True,False
T3494,2024-08-26,26,8,3,2024,Monday,False,False
T3495,2024-08-27,27,8,3,2024,Tuesday,False,False
T3496,2024-08-28,28,8,3,2024,Wednesday,False,False
T3497,2024-08-29,29,8,3,2024,Thursday,False,False
T3498,2024-08-30,30,8,3,2024,Friday,False,False
T3499,2024-08-31,31,8,3,2024,Saturday,True,False
T3500,2024-09-01,1,9,3,2024,Sunday,True,False
T3501,2024-09-02,2,9,3,2024,Monday,False,False
T3502,2024-09-03,3,9,3,2024,Tuesday,False,False
T3503,2024-09-04,4,9,3,2024,Wednesday,False,False
T3504,2024-09-05,5,9,3,2024,Thursday,False,False
T3505,2024-09-06,6,9,3,2024,Friday,False,False
T3506,2024-09-07,7,9,3,2024,Saturday,True,False
T3507,2024-09-08,8,9,3,2024,Sunday,True,False
T3508,2024-09-09,9,9,3,2024,Monday,False,False
T3509,2024-09-10,10,9,3,2024,Tuesday,False,False
T3510,2024-09-11,11,9,3,2024,Wednesday,False,False
T3511,2024-09-12,12,9,3,2024,Thursday,False,False
T3512,2024-09-13,13,9,3,2024,Friday,False,False
T3513,2024-09-14,14,9,3,2024,Saturday,True,False
T3514,2024-09-15,15,9,3,2024,Sunday,True,False
T3515,2024-09-16,16,9,3,2024,Monday,False,False
T3516,2024-09-17,17,9,3,2024,Tuesday,False,False
T3517,2024-09-18,18,9,3,2024,Wednesday,False,False
T3518,2024-09-19,19,9,3,2024,Thursday,False,False
T3519,2024-09-20,20,9,3,2024,Friday,False,False
T3520,2024-09-21,21,9,3,2024,Saturday,True,False
T3521,2024-09-22,22,9,3,2024,Sunday,True,False
T3522,2024-09-23,23,9,3,2024,Monday,False,False
T3523,2024-09-24,24,9,3,2024,Tuesday,False,False
T3524,2024-09-25,25,9,3,2024,Wednesday,False,False
T3525,2024-09-26,26,9,3,2024,Thursday,False,False
T3526,2024-09-27,27,9,3,2024,Friday,False,False
T3527,2024-09-28,28,9,3,2024,Saturday,True,False
T3528,2024-09-29,29,9,3,2024,Sunday,True,False
T3529,2024-09-30,30,9,3,2024,Monday,False,False
T3530,2024-10-01,1,10,4,2024,Tuesday,False,False
T3531,2024-10-02,2,10,4,2024,Wednesday,False,False
T3532,2024-10-03,3,10,4,2024,Thursday,False,False
T3533,2024-10-04,4,10,4,2024,Friday,False,False
T3534,2024-10-05,5,10,4,2024,Saturday,True,False
T3535,2024-10-06,6,10,4,2024,Sunday,True,False
T3536,2024-10-07,7,10,4,2024,Monday,False,False
T3537,2024-10-08,8,10,4,2024,Tuesday,False,False
T3538,2024-10-09,9,10,4,2024,Wednesday,False,False
T3539,2024-10-10,10,10,4,2024,Thursday,False,False
T3540,2024-10-11,11,10,4,2024,Friday,False,False
T3541,2024-10-12,12,10,4,2024,Saturday,True,False
T3542,2024-10-13,13,10,4,2024,Sunday,True,False
T3543,2024-10-14,14,10,4,2024,Monday,False,False
T3544,2024-10-15,15,10,4,2024,Tuesday,False,False
T3545,2024-10-16,16,10,4,2024,Wednesday,False,False
T3546,2024-10-17,17,10,4,2024,Thursday,False,False
T3547,2024-10-18,18,10,4,2024,Friday,False,False
T3548,2024-10-19,19,10,4,2024,Saturday,True,False
T3549,2024-10-20,20,10,4,2024,Sunday,True,False
T3550,2024-10-21,21,10,4,2024,Monday,False,False
T3551,2024-10-22,22,10,4,2024,Tuesday,False,False
T3552,2024-10-23,23,10,4,2024,Wednesday,False,False
T3553,2024-10-24,24,10,4,2024,Thursday,False,False
T3554,2024-10-25,25,10,4,2024,Friday,False,False
T3555,2024-10-26,26,10,4,2024,Saturday,True,False
T3556,2024-10-27,27,10,4,2024,Sunday,True,False
T3557,2024-10-28,28,10,4,2024,Monday,False,False
T3558,2024-10-29,29,10,4,2024,Tuesday,False,False
T3559,2024-10-30,30,10,4,2024,Wednesday,False,False
T3560,2024-10-31,31,10,4,2024,Thursday,False,False
T3561,2024-11-01,1,11,4,2024,Friday,False,False
T3562,2024-11-02,2,11,4,2024,Saturday,True,False
T3563,2024-11-03,3,11,4,2024,Sunday,True,False
T3564,2024-11-04,4,11,4,2024,Monday,False,False
T3565,2024-11-05,5,11,4,2024,Tuesday,False,False
T3566,2024-11-06,6,11,4,2024,Wednesday,False,False
T3567,2024-11-07,7,11,4,2024,Thursday,False,False
T3568,2024-11-08,8,11,4,2024,Friday,False,False
T3569,2024-11-09,9,11,4,2024,Saturday,True,False
T3570,2024-11-10,10,11,4,2024,Sunday,True,False
T3571,2024-11-11,11,11,4,2024,Monday,False,False
T3572,2024-11-12,12,11,4,2024,Tuesday,False,False
T3573,2024-11-13,13,11,4,2024,Wednesday,False,False
T3574,2024-11-14,14,11,4,2024,Thursday,False,False
T3575,2024-11-15,15,11,4,2024,Friday,False,False
T3576,2024-11-16,16,11,4,2024,Saturday,True,False
T3577,2024-11-17,17,11,4,2024,Sunday,True,False
T3578,2024-11-18,18,11,4,2024,Monday,False,False
T3579,2024-11-19,19,11,4,2024,Tuesday,False,False
T3580,2024-11-20,20,11,4,2024,Wednesday,False,False
T3581,2024-11-21,21,11,4,2024,Thursday,False,False
T3582,2024-11-22,22,11,4,2024,Friday,False,False
T3583,2024-11-23,23,11,4,2024,Saturday,True,False
T3584,2024-11-24,24,11,4,2024,Sunday,True,False
T3585,2024-11-25,25,11,4,2024,Monday,False,False
T3586,2024-11-26,26,11,4,2024,Tuesday,False,False
T3587,2024-11-27,27,11,4,2024,Wednesday,False,False
T3588,2024-11-28,28,11,4,2024,Thursday,False,False
T3589,2024-11-29,29,11,4,2024,Friday,False,False
T3590,2024-11-30,30,11,4,2024,Saturday,True,False
T3591,2024-12-01,1,12,4,2024,Sunday,True,False
T3592,2024-12-02,2,12,4,2024,Monday,False,False
T3593,2024-12-03,3,12,4,2024,Tuesday,False,False
T3594,2024-12-04,4,12,4,2024,Wednesday,False,False
T3595,2024-12-05,5,12,4,2024,Thursday,False,False
T3596,2024-12-06,6,12,4,2024,Friday,False,False
T3597,2024-12-07,7,12,4,2024,Saturday,True,False
T3598,2024-12-08,8,12,4,2024,Sunday,True,False
T3599,2024-12-09,9,12,4,2024,Monday,False,False
T3600,2024-12-10,10,12,4,2024,Tuesday,False,False
T3601,2024-12-11,11,12,4,2024,Wednesday,False,False
T3602,2024-12-12,12,12,4,2024,Thursday,False,False
T3603,2024-12-13,13,12,4,2024,Friday,False,False
T3604,2024-12-14,14,12,4,2024,Saturday,True,False
T3605,2024-12-15,15,12,4,2024,Sunday,True,False
T3606,2024-12-16,16,12,4,2024,Monday,False,False
T3607,2024-12-17,17,12,4,2024,Tuesday,False,False
T3608,2024-12-18,18,12,4,2024,Wednesday,False,False
T3609,2024-12-19,19,12,4,2024,Thursday,False,False
T3610,2024-12-20,20,12,4,2024,Friday,False,False
T3611,2024-12-21,21,12,4,2024,Saturday,True,False
T3612,2024-12-22,22,12,4,2024,Sunday,True,False
T3613,2024-12-23,23,12,4,2024,Monday,False,False
T3614,2024-12-24,24,12,4,2024,Tuesday,False,False
T3615,2024-12-25,25,12,4,2024,Wednesday,False,False
T3616,2024-12-26,26,12,4,2024,Thursday,False,False
T3617,2024-12-27,27,12,4,2024,Friday,False,False
T3618,2024-12-28,28,12,4,2024,Saturday,True,False
T3619,2024-12-29,29,12,4,2024,Sunday,True,False
T3620,2024-12-30,30,12,4,2024,Monday,False,False
T3621,2024-12-31,31,12,4,2024,Tuesday,False,False
T3622,2025-01-01,1,1,1,2025,Wednesday,False,False
T3623,2025-01-02,2,1,1,2025,Thursday,False,False
T3624,2025-01-03,3,1,1,2025,Friday,False,False
T3625,2025-01-04,4,1,1,2025,Saturday,True,False
T3626,2025-01-05,5,1,1,2025,Sunday,True,False
T3627,2025-01-06,6,1,1,2025,Monday,False,False
T3628,2025-01-07,7,1,1,2025,Tuesday,False,False
T3629,2025-01-08,8,1,1,2025,Wednesday,False,False
T3630,2025-01-09,9,1,1,2025,Thursday,False,False
T3631,2025-01-10,10,1,1,2025,Friday,False,False
T3632,2025-01-11,11,1,1,2025,Saturday,True,False
T3633,2025-01-12,12,1,1,2025,Sunday,True,False
T3634,2025-01-13,13,1,1,2025,Monday,False,False
T3635,2025-01-14,14,1,1,2025,Tuesday,False,False
T3636,2025-01-15,15,1,1,2025,Wednesday,False,False
T3637,2025-01-16,16,1,1,2025,Thursday,False,False
T3638,2025-01-17,17,1,1,2025,Friday,False,False
T3639,2025-01-18,18,1,1,2025,Saturday,True,False
T3640,2025-01-19,19,1,1,2025,Sunday,True,False
T3641,2025-01-20,20,1,1,2025,Monday,False,False
T3642,2025-01-21,21,1,1,2025,Tuesday,False,False
T3643,2025-01-22,22,1,1,2025,Wednesday,False,False
T3644,2025-01-23,23,1,1,2025,Thursday,False,False
T3645,2025-01-24,24,1,1,2025,Friday,False,False
T3646,2025-01-25,25,1,1,2025,Saturday,True,False
T3647,2025-01-26,26,1,1,2025,Sunday,True,False
T3648,2025-01-27,27,1,1,2025,Monday,False,False
T3649,2025-01-28,28,1,1,2025,Tuesday,False,False
T3650,2025-01-29,29,1,1,2025,Wednesday,False,False
T3651,2025-01-30,30,1,1,2025,Thursday,False,False
T3652,2025-01-31,31,1,1,2025,Friday,False,False
T3653,2025-02-01,1,2,1,2025,Saturday,True,False
T3654,2025-02-02,2,2,1,2025,Sunday,True,False
T3655,2025-02-03,3,2,1,2025,Monday,False,False
T3656,2025-02-04,4,2,1,2025,Tuesday,False,False
T3657,2025-02-05,5,2,1,2025,Wednesday,False,False
T3658,2025-02-06,6,2,1,2025,Thursday,False,False
T3659,2025-02-07,7,2,1,2025,Friday,False,False
T3660,2025-02-08,8,2,1,2025,Saturday,True,False
T3661,2025-02-09,9,2,1,2025,Sunday,True,False
T3662,2025-02-10,10,2,1,2025,Monday,False,False
T3663,2025-02-11,11,2,1,2025,Tuesday,False,False
T3664,2025-02-12,12,2,1,2025,Wednesday,False,False
T3665,2025-02-13,13,2,1,2025,Thursday,False,False
T3666,2025-02-14,14,2,1,2025,Friday,False,False
T3667,2025-02-15,15,2,1,2025,Saturday,True,False
T3668,2025-02-16,16,2,1,2025,Sunday,True,False
T3669,2025-02-17,17,2,1,2025,Monday,False,False
T3670,2025-02-18,18,2,1,2025,Tuesday,False,False
T3671,2025-02-19,19,2,1,2025,Wednesday,False,False
T3672,2025-02-20,20,2,1,2025,Thursday,False,False
T3673,2025-02-21,21,2,1,2025,Friday,False,False
T3674,2025-02-22,22,2,1,2025,Saturday,True,False
T3675,2025-02-23,23,2,1,2025,Sunday,True,False
T3676,2025-02-24,24,2,1,2025,Monday,False,False
T3677,2025-02-25,25,2,1,2025,Tuesday,False,False
T3678,2025-02-26,26,2,1,2025,Wednesday,False,False
T3679,2025-02-27,27,2,1,2025,Thursday,False,False
T3680,2025-02-28,28,2,1,2025,Friday,False,False
T3681,2025-03-01,1,3,1,2025,Saturday,True,False
T3682,2025-03-02,2,3,1,2025,Sunday,True,False
T3683,2025-03-03,3,3,1,2025,Monday,False,False
T3684,2025-03-04,4,3,1,2025,Tuesday,False,False
T3685,2025-03-05,5,3,1,2025,Wednesday,False,False
T3686,2025-03-06,6,3,1,2025,Thursday,False,False
T3687,2025-03-07,7,3,1,2025,Friday,False,False
T3688,2025-03-08,8,3,1,2025,Saturday,True,False
T3689,2025-03-09,9,3,1,2025,Sunday,True,False
T3690,2025-03-10,10,3,1,2025,Monday,False,False
T3691,2025-03-11,11,3,1,2025,Tuesday,False,False
T3692,2025-03-12,12,3,1,2025,Wednesday,False,False
T3693,2025-03-13,13,3,1,2025,Thursday,False,False
T3694,2025-03-14,14,3,1,2025,Friday,False,False
T3695,2025-03-15,15,3,1,2025,Saturday,True,False
T3696,2025-03-16,16,3,1,2025,Sunday,True,False
T3697,2025-03-17,17,3,1,2025,Monday,False,False
T3698,2025-03-18,18,3,1,2025,Tuesday,False,False
T3699,2025-03-19,19,3,1,2025,Wednesday,False,False
T3700,2025-03-20,20,3,1,2025,Thursday,False,False
T3701,2025-03-21,21,3,1,2025,Friday,False,False
T3702,2025-03-22,22,3,1,2025,Saturday,True,False
T3703,2025-03-23,23,3,1,2025,Sunday,True,False
T3704,2025-03-24,24,3,1,2025,Monday,False,False
T3705,2025-03-25,25,3,1,2025,Tuesday,False,False
T3706,2025-03-26,26,3,1,2025,Wednesday,False,False
T3707,2025-03-27,27,3,1,2025,Thursday,False,False
T3708,2025-03-28,28,3,1,2025,Friday,False,False
T3709,2025-03-29,29,3,1,2025,Saturday,True,False
T3710,2025-03-30,30,3,1,2025,Sunday,True,False
T3711,2025-03-31,31,3,1,2025,Monday,False,False
T3712,2025-04-01,1,4,2,2025,Tuesday,False,False
T3713,2025-04-02,2,4,2,2025,Wednesday,False,False
T3714,2025-04-03,3,4,2,2025,Thursday,False,False
T3715,2025-04-04,4,4,2,2025,Friday,False,False
T3716,2025-04-05,5,4,2,2025,Saturday,True,False
T3717,2025-04-06,6,4,2,2025,Sunday,True,False
T3718,2025-04-07,7,4,2,2025,Monday,False,False
T3719,2025-04-08,8,4,2,2025,Tuesday,False,False
T3720,2025-04-09,9,4,2,2025,Wednesday,False,False
T3721,2025-04-10,10,4,2,2025,Thursday,False,False
T3722,2025-04-11,11,4,2,2025,Friday,False,False
T3723,2025-04-12,12,4,2,2025,Saturday,True,False
T3724,2025-04-13,13,4,2,2025,Sunday,True,False
T3725,2025-04-14,14,4,2,2025,Monday,False,False
T3726,2025-04-15,15,4,2,2025,Tuesday,False,False
T3727,2025-04-16,16,4,2,2025,Wednesday,False,False
T3728,2025-04-17,17,4,2,2025,Thursday,False,False
T3729,2025-04-18,18,4,2,2025,Friday,False,False
